Workbook

Sheet Comparativa
A1: Comparativa Marca vs Mercado (misma molécula, no-SIE)
A2: Segmento: | B2: TOTAL | D2: (B2: TOTAL = Ético+Popular | ETICO sólo | POPULAR sólo)
C3: BLOQUE MAT (Apr 2026 vs Apr 2025) | K3: BLOQUE YTD (Ene-Abr 2026 vs 2025) | S3: BLOQUE MES (Abr 2026 vs Abr 2025)
A4: Marca | B4: Moleculas | C4: U Marca MAT Ant | D4: U Marca MAT Act | E4: U Mercado MAT Ant | F4: U Mercado MAT Act | G4: MS% MAT Ant | H4: MS% MAT Act | I4: IE MAT | J4: Var pp MAT | K4: U Marca YTD Ant | L4: U Marca YTD Act | M4: U Mercado YTD Ant | N4: U Mercado YTD Act | O4: MS% YTD Ant | P4: MS% YTD Act | Q4: IE YTD | R4: Var pp YTD | S4: U Marca MES Ant | T4: U Marca MES Act | U4: U Mercado MES Ant | V4: U Mercado MES Act | W4: MS% MES Ant | X4: MS% MES Act | Y4: IE MES | Z4: Var pp MES
A5: ACEMUK | B5: ACETYLCYSTEINE | ACETYLCYSTEINE_AMOXICILLIN | ACETYLCYSTEINE_CHLORPHENAMINE_PARACETAMOL_PSEUDOEPHEDRINE | ACETYLCYSTEINE_LIDOCAINE_TYROTHRICIN | ACETYLCYSTEINE_PARACETAMOL | C5: =SUMIFS(Datos!$D$2:$D$148,Datos!$A$2:$A$148,$A5,Datos!$B$2:$B$148,$B$2) | D5: =SUMIFS(Datos!$E$2:$E$148,Datos!$A$2:$A$148,$A5,Datos!$B$2:$B$148,$B$2) | E5: =SUMIFS(Datos!$F$2:$F$148,Datos!$A$2:$A$148,$A5,Datos!$B$2:$B$148,$B$2) | F5: =SUMIFS(Datos!$G$2:$G$148,Datos!$A$2:$A$148,$A5,Datos!$B$2:$B$148,$B$2) | G5: =IFERROR(C5/(C5+E5),0) | H5: =IFERROR(D5/(D5+F5),0) | I5: =IFERROR((D5/C5)/((D5+F5)/(C5+E5))*100,0) | J5: =(H5-G5)*100 | K5: =SUMIFS(Datos!$H$2:$H$148,Datos!$A$2:$A$148,$A5,Datos!$B$2:$B$148,$B$2) | L5: =SUMIFS(Datos!$I$2:$I$148,Datos!$A$2:$A$148,$A5,Datos!$B$2:$B$148,$B$2) | M5: =SUMIFS(Datos!$J$2:$J$148,Datos!$A$2:$A$148,$A5,Datos!$B$2:$B$148,$B$2) | N5: =SUMIFS(Datos!$K$2:$K$148,Datos!$A$2:$A$148,$A5,Datos!$B$2:$B$148,$B$2) | O5: =IFERROR(K5/(K5+M5),0) | P5: =IFERROR(L5/(L5+N5),0) | Q5: =IFERROR((L5/K5)/((L5+N5)/(K5+M5))*100,0) | R5: =(P5-O5)*100 | S5: =SUMIFS(Datos!$L$2:$L$148,Datos!$A$2:$A$148,$A5,Datos!$B$2:$B$148,$B$2) | T5: =SUMIFS(Datos!$M$2:$M$148,Datos!$A$2:$A$148,$A5,Datos!$B$2:$B$148,$B$2) | U5: =SUMIFS(Datos!$N$2:$N$148,Datos!$A$2:$A$148,$A5,Datos!$B$2:$B$148,$B$2) | V5: =SUMIFS(Datos!$O$2:$O$148,Datos!$A$2:$A$148,$A5,Datos!$B$2:$B$148,$B$2) | W5: =IFERROR(S5/(S5+U5),0) | X5: =IFERROR(T5/(T5+V5),0) | Y5: =IFERROR((T5/S5)/((T5+V5)/(S5+U5))*100,0) | Z5: =(X5-W5)*100
A6: AIREAL | B6: LEVOCETIRIZINE_MONTELUKAST | MONTELUKAST | C6: =SUMIFS(Datos!$D$2:$D$148,Datos!$A$2:$A$148,$A6,Datos!$B$2:$B$148,$B$2) | D6: =SUMIFS(Datos!$E$2:$E$148,Datos!$A$2:$A$148,$A6,Datos!$B$2:$B$148,$B$2) | E6: =SUMIFS(Datos!$F$2:$F$148,Datos!$A$2:$A$148,$A6,Datos!$B$2:$B$148,$B$2) | F6: =SUMIFS(Datos!$G$2:$G$148,Datos!$A$2:$A$148,$A6,Datos!$B$2:$B$148,$B$2) | G6: =IFERROR(C6/(C6+E6),0) | H6: =IFERROR(D6/(D6+F6),0) | I6: =IFERROR((D6/C6)/((D6+F6)/(C6+E6))*100,0) | J6: =(H6-G6)*100 | K6: =SUMIFS(Datos!$H$2:$H$148,Datos!$A$2:$A$148,$A6,Datos!$B$2:$B$148,$B$2) | L6: =SUMIFS(Datos!$I$2:$I$148,Datos!$A$2:$A$148,$A6,Datos!$B$2:$B$148,$B$2) | M6: =SUMIFS(Datos!$J$2:$J$148,Datos!$A$2:$A$148,$A6,Datos!$B$2:$B$148,$B$2) | N6: =SUMIFS(Datos!$K$2:$K$148,Datos!$A$2:$A$148,$A6,Datos!$B$2:$B$148,$B$2) | O6: =IFERROR(K6/(K6+M6),0) | P6: =IFERROR(L6/(L6+N6),0) | Q6: =IFERROR((L6/K6)/((L6+N6)/(K6+M6))*100,0) | R6: =(P6-O6)*100 | S6: =SUMIFS(Datos!$L$2:$L$148,Datos!$A$2:$A$148,$A6,Datos!$B$2:$B$148,$B$2) | T6: =SUMIFS(Datos!$M$2:$M$148,Datos!$A$2:$A$148,$A6,Datos!$B$2:$B$148,$B$2) | U6: =SUMIFS(Datos!$N$2:$N$148,Datos!$A$2:$A$148,$A6,Datos!$B$2:$B$148,$B$2) | V6: =SUMIFS(Datos!$O$2:$O$148,Datos!$A$2:$A$148,$A6,Datos!$B$2:$B$148,$B$2) | W6: =IFERROR(S6/(S6+U6),0) | X6: =IFERROR(T6/(T6+V6),0) | Y6: =IFERROR((T6/S6)/((T6+V6)/(S6+U6))*100,0) | Z6: =(X6-W6)*100
A7: HEXALER CORT | B7: BETAMETHASONE_DESLORATADINE | C7: =SUMIFS(Datos!$D$2:$D$148,Datos!$A$2:$A$148,$A7,Datos!$B$2:$B$148,$B$2) | D7: =SUMIFS(Datos!$E$2:$E$148,Datos!$A$2:$A$148,$A7,Datos!$B$2:$B$148,$B$2) | E7: =SUMIFS(Datos!$F$2:$F$148,Datos!$A$2:$A$148,$A7,Datos!$B$2:$B$148,$B$2) | F7: =SUMIFS(Datos!$G$2:$G$148,Datos!$A$2:$A$148,$A7,Datos!$B$2:$B$148,$B$2) | G7: =IFERROR(C7/(C7+E7),0) | H7: =IFERROR(D7/(D7+F7),0) | I7: =IFERROR((D7/C7)/((D7+F7)/(C7+E7))*100,0) | J7: =(H7-G7)*100 | K7: =SUMIFS(Datos!$H$2:$H$148,Datos!$A$2:$A$148,$A7,Datos!$B$2:$B$148,$B$2) | L7: =SUMIFS(Datos!$I$2:$I$148,Datos!$A$2:$A$148,$A7,Datos!$B$2:$B$148,$B$2) | M7: =SUMIFS(Datos!$J$2:$J$148,Datos!$A$2:$A$148,$A7,Datos!$B$2:$B$148,$B$2) | N7: =SUMIFS(Datos!$K$2:$K$148,Datos!$A$2:$A$148,$A7,Datos!$B$2:$B$148,$B$2) | O7: =IFERROR(K7/(K7+M7),0) | P7: =IFERROR(L7/(L7+N7),0) | Q7: =IFERROR((L7/K7)/((L7+N7)/(K7+M7))*100,0) | R7: =(P7-O7)*100 | S7: =SUMIFS(Datos!$L$2:$L$148,Datos!$A$2:$A$148,$A7,Datos!$B$2:$B$148,$B$2) | T7: =SUMIFS(Datos!$M$2:$M$148,Datos!$A$2:$A$148,$A7,Datos!$B$2:$B$148,$B$2) | U7: =SUMIFS(Datos!$N$2:$N$148,Datos!$A$2:$A$148,$A7,Datos!$B$2:$B$148,$B$2) | V7: =SUMIFS(Datos!$O$2:$O$148,Datos!$A$2:$A$148,$A7,Datos!$B$2:$B$148,$B$2) | W7: =IFERROR(S7/(S7+U7),0) | X7: =IFERROR(T7/(T7+V7),0) | Y7: =IFERROR((T7/S7)/((T7+V7)/(S7+U7))*100,0) | Z7: =(X7-W7)*100
A8: ALIDIAL | B8: CETIRIZINE | C8: =SUMIFS(Datos!$D$2:$D$148,Datos!$A$2:$A$148,$A8,Datos!$B$2:$B$148,$B$2) | D8: =SUMIFS(Datos!$E$2:$E$148,Datos!$A$2:$A$148,$A8,Datos!$B$2:$B$148,$B$2) | E8: =SUMIFS(Datos!$F$2:$F$148,Datos!$A$2:$A$148,$A8,Datos!$B$2:$B$148,$B$2) | F8: =SUMIFS(Datos!$G$2:$G$148,Datos!$A$2:$A$148,$A8,Datos!$B$2:$B$148,$B$2) | G8: =IFERROR(C8/(C8+E8),0) | H8: =IFERROR(D8/(D8+F8),0) | I8: =IFERROR((D8/C8)/((D8+F8)/(C8+E8))*100,0) | J8: =(H8-G8)*100 | K8: =SUMIFS(Datos!$H$2:$H$148,Datos!$A$2:$A$148,$A8,Datos!$B$2:$B$148,$B$2) | L8: =SUMIFS(Datos!$I$2:$I$148,Datos!$A$2:$A$148,$A8,Datos!$B$2:$B$148,$B$2) | M8: =SUMIFS(Datos!$J$2:$J$148,Datos!$A$2:$A$148,$A8,Datos!$B$2:$B$148,$B$2) | N8: =SUMIFS(Datos!$K$2:$K$148,Datos!$A$2:$A$148,$A8,Datos!$B$2:$B$148,$B$2) | O8: =IFERROR(K8/(K8+M8),0) | P8: =IFERROR(L8/(L8+N8),0) | Q8: =IFERROR((L8/K8)/((L8+N8)/(K8+M8))*100,0) | R8: =(P8-O8)*100 | S8: =SUMIFS(Datos!$L$2:$L$148,Datos!$A$2:$A$148,$A8,Datos!$B$2:$B$148,$B$2) | T8: =SUMIFS(Datos!$M$2:$M$148,Datos!$A$2:$A$148,$A8,Datos!$B$2:$B$148,$B$2) | U8: =SUMIFS(Datos!$N$2:$N$148,Datos!$A$2:$A$148,$A8,Datos!$B$2:$B$148,$B$2) | V8: =SUMIFS(Datos!$O$2:$O$148,Datos!$A$2:$A$148,$A8,Datos!$B$2:$B$148,$B$2) | W8: =IFERROR(S8/(S8+U8),0) | X8: =IFERROR(T8/(T8+V8),0) | Y8: =IFERROR((T8/S8)/((T8+V8)/(S8+U8))*100,0) | Z8: =(X8-W8)*100
A9: ALIDIAL L | B9: LEVOCETIRIZINE | C9: =SUMIFS(Datos!$D$2:$D$148,Datos!$A$2:$A$148,$A9,Datos!$B$2:$B$148,$B$2) | D9: =SUMIFS(Datos!$E$2:$E$148,Datos!$A$2:$A$148,$A9,Datos!$B$2:$B$148,$B$2) | E9: =SUMIFS(Datos!$F$2:$F$148,Datos!$A$2:$A$148,$A9,Datos!$B$2:$B$148,$B$2) | F9: =SUMIFS(Datos!$G$2:$G$148,Datos!$A$2:$A$148,$A9,Datos!$B$2:$B$148,$B$2) | G9: =IFERROR(C9/(C9+E9),0) | H9: =IFERROR(D9/(D9+F9),0) | I9: =IFERROR((D9/C9)/((D9+F9)/(C9+E9))*100,0) | J9: =(H9-G9)*100 | K9: =SUMIFS(Datos!$H$2:$H$148,Datos!$A$2:$A$148,$A9,Datos!$B$2:$B$148,$B$2) | L9: =SUMIFS(Datos!$I$2:$I$148,Datos!$A$2:$A$148,$A9,Datos!$B$2:$B$148,$B$2) | M9: =SUMIFS(Datos!$J$2:$J$148,Datos!$A$2:$A$148,$A9,Datos!$B$2:$B$148,$B$2) | N9: =SUMIFS(Datos!$K$2:$K$148,Datos!$A$2:$A$148,$A9,Datos!$B$2:$B$148,$B$2) | O9: =IFERROR(K9/(K9+M9),0) | P9: =IFERROR(L9/(L9+N9),0) | Q9: =IFERROR((L9/K9)/((L9+N9)/(K9+M9))*100,0) | R9: =(P9-O9)*100 | S9: =SUMIFS(Datos!$L$2:$L$148,Datos!$A$2:$A$148,$A9,Datos!$B$2:$B$148,$B$2) | T9: =SUMIFS(Datos!$M$2:$M$148,Datos!$A$2:$A$148,$A9,Datos!$B$2:$B$148,$B$2) | U9: =SUMIFS(Datos!$N$2:$N$148,Datos!$A$2:$A$148,$A9,Datos!$B$2:$B$148,$B$2) | V9: =SUMIFS(Datos!$O$2:$O$148,Datos!$A$2:$A$148,$A9,Datos!$B$2:$B$148,$B$2) | W9: =IFERROR(S9/(S9+U9),0) | X9: =IFERROR(T9/(T9+V9),0) | Y9: =IFERROR((T9/S9)/((T9+V9)/(S9+U9))*100,0) | Z9: =(X9-W9)*100
A10: MOMETAX | B10: MOMETASONE | C10: =SUMIFS(Datos!$D$2:$D$148,Datos!$A$2:$A$148,$A10,Datos!$B$2:$B$148,$B$2) | D10: =SUMIFS(Datos!$E$2:$E$148,Datos!$A$2:$A$148,$A10,Datos!$B$2:$B$148,$B$2) | E10: =SUMIFS(Datos!$F$2:$F$148,Datos!$A$2:$A$148,$A10,Datos!$B$2:$B$148,$B$2) | F10: =SUMIFS(Datos!$G$2:$G$148,Datos!$A$2:$A$148,$A10,Datos!$B$2:$B$148,$B$2) | G10: =IFERROR(C10/(C10+E10),0) | H10: =IFERROR(D10/(D10+F10),0) | I10: =IFERROR((D10/C10)/((D10+F10)/(C10+E10))*100,0) | J10: =(H10-G10)*100 | K10: =SUMIFS(Datos!$H$2:$H$148,Datos!$A$2:$A$148,$A10,Datos!$B$2:$B$148,$B$2) | L10: =SUMIFS(Datos!$I$2:$I$148,Datos!$A$2:$A$148,$A10,Datos!$B$2:$B$148,$B$2) | M10: =SUMIFS(Datos!$J$2:$J$148,Datos!$A$2:$A$148,$A10,Datos!$B$2:$B$148,$B$2) | N10: =SUMIFS(Datos!$K$2:$K$148,Datos!$A$2:$A$148,$A10,Datos!$B$2:$B$148,$B$2) | O10: =IFERROR(K10/(K10+M10),0) | P10: =IFERROR(L10/(L10+N10),0) | Q10: =IFERROR((L10/K10)/((L10+N10)/(K10+M10))*100,0) | R10: =(P10-O10)*100 | S10: =SUMIFS(Datos!$L$2:$L$148,Datos!$A$2:$A$148,$A10,Datos!$B$2:$B$148,$B$2) | T10: =SUMIFS(Datos!$M$2:$M$148,Datos!$A$2:$A$148,$A10,Datos!$B$2:$B$148,$B$2) | U10: =SUMIFS(Datos!$N$2:$N$148,Datos!$A$2:$A$148,$A10,Datos!$B$2:$B$148,$B$2) | V10: =SUMIFS(Datos!$O$2:$O$148,Datos!$A$2:$A$148,$A10,Datos!$B$2:$B$148,$B$2) | W10: =IFERROR(S10/(S10+U10),0) | X10: =IFERROR(T10/(T10+V10),0) | Y10: =IFERROR((T10/S10)/((T10+V10)/(S10+U10))*100,0) | Z10: =(X10-W10)*100
A11: BACTRIM | B11: GUAIFENESIN_SULFAMETHOXAZOLE_TRIMETHOPRIM | SULFAMETHOXAZOLE_TRIMETHOPRIM | C11: =SUMIFS(Datos!$D$2:$D$148,Datos!$A$2:$A$148,$A11,Datos!$B$2:$B$148,$B$2) | D11: =SUMIFS(Datos!$E$2:$E$148,Datos!$A$2:$A$148,$A11,Datos!$B$2:$B$148,$B$2) | E11: =SUMIFS(Datos!$F$2:$F$148,Datos!$A$2:$A$148,$A11,Datos!$B$2:$B$148,$B$2) | F11: =SUMIFS(Datos!$G$2:$G$148,Datos!$A$2:$A$148,$A11,Datos!$B$2:$B$148,$B$2) | G11: =IFERROR(C11/(C11+E11),0) | H11: =IFERROR(D11/(D11+F11),0) | I11: =IFERROR((D11/C11)/((D11+F11)/(C11+E11))*100,0) | J11: =(H11-G11)*100 | K11: =SUMIFS(Datos!$H$2:$H$148,Datos!$A$2:$A$148,$A11,Datos!$B$2:$B$148,$B$2) | L11: =SUMIFS(Datos!$I$2:$I$148,Datos!$A$2:$A$148,$A11,Datos!$B$2:$B$148,$B$2) | M11: =SUMIFS(Datos!$J$2:$J$148,Datos!$A$2:$A$148,$A11,Datos!$B$2:$B$148,$B$2) | N11: =SUMIFS(Datos!$K$2:$K$148,Datos!$A$2:$A$148,$A11,Datos!$B$2:$B$148,$B$2) | O11: =IFERROR(K11/(K11+M11),0) | P11: =IFERROR(L11/(L11+N11),0) | Q11: =IFERROR((L11/K11)/((L11+N11)/(K11+M11))*100,0) | R11: =(P11-O11)*100 | S11: =SUMIFS(Datos!$L$2:$L$148,Datos!$A$2:$A$148,$A11,Datos!$B$2:$B$148,$B$2) | T11: =SUMIFS(Datos!$M$2:$M$148,Datos!$A$2:$A$148,$A11,Datos!$B$2:$B$148,$B$2) | U11: =SUMIFS(Datos!$N$2:$N$148,Datos!$A$2:$A$148,$A11,Datos!$B$2:$B$148,$B$2) | V11: =SUMIFS(Datos!$O$2:$O$148,Datos!$A$2:$A$148,$A11,Datos!$B$2:$B$148,$B$2) | W11: =IFERROR(S11/(S11+U11),0) | X11: =IFERROR(T11/(T11+V11),0) | Y11: =IFERROR((T11/S11)/((T11+V11)/(S11+U11))*100,0) | Z11: =(X11-W11)*100
A12: ACANTEX | B12: CEFTRIAXONE | C12: =SUMIFS(Datos!$D$2:$D$148,Datos!$A$2:$A$148,$A12,Datos!$B$2:$B$148,$B$2) | D12: =SUMIFS(Datos!$E$2:$E$148,Datos!$A$2:$A$148,$A12,Datos!$B$2:$B$148,$B$2) | E12: =SUMIFS(Datos!$F$2:$F$148,Datos!$A$2:$A$148,$A12,Datos!$B$2:$B$148,$B$2) | F12: =SUMIFS(Datos!$G$2:$G$148,Datos!$A$2:$A$148,$A12,Datos!$B$2:$B$148,$B$2) | G12: =IFERROR(C12/(C12+E12),0) | H12: =IFERROR(D12/(D12+F12),0) | I12: =IFERROR((D12/C12)/((D12+F12)/(C12+E12))*100,0) | J12: =(H12-G12)*100 | K12: =SUMIFS(Datos!$H$2:$H$148,Datos!$A$2:$A$148,$A12,Datos!$B$2:$B$148,$B$2) | L12: =SUMIFS(Datos!$I$2:$I$148,Datos!$A$2:$A$148,$A12,Datos!$B$2:$B$148,$B$2) | M12: =SUMIFS(Datos!$J$2:$J$148,Datos!$A$2:$A$148,$A12,Datos!$B$2:$B$148,$B$2) | N12: =SUMIFS(Datos!$K$2:$K$148,Datos!$A$2:$A$148,$A12,Datos!$B$2:$B$148,$B$2) | O12: =IFERROR(K12/(K12+M12),0) | P12: =IFERROR(L12/(L12+N12),0) | Q12: =IFERROR((L12/K12)/((L12+N12)/(K12+M12))*100,0) | R12: =(P12-O12)*100 | S12: =SUMIFS(Datos!$L$2:$L$148,Datos!$A$2:$A$148,$A12,Datos!$B$2:$B$148,$B$2) | T12: =SUMIFS(Datos!$M$2:$M$148,Datos!$A$2:$A$148,$A12,Datos!$B$2:$B$148,$B$2) | U12: =SUMIFS(Datos!$N$2:$N$148,Datos!$A$2:$A$148,$A12,Datos!$B$2:$B$148,$B$2) | V12: =SUMIFS(Datos!$O$2:$O$148,Datos!$A$2:$A$148,$A12,Datos!$B$2:$B$148,$B$2) | W12: =IFERROR(S12/(S12+U12),0) | X12: =IFERROR(T12/(T12+V12),0) | Y12: =IFERROR((T12/S12)/((T12+V12)/(S12+U12))*100,0) | Z12: =(X12-W12)*100
A13: DECADRON | B13: DEXAMETHASONE | C13: =SUMIFS(Datos!$D$2:$D$148,Datos!$A$2:$A$148,$A13,Datos!$B$2:$B$148,$B$2) | D13: =SUMIFS(Datos!$E$2:$E$148,Datos!$A$2:$A$148,$A13,Datos!$B$2:$B$148,$B$2) | E13: =SUMIFS(Datos!$F$2:$F$148,Datos!$A$2:$A$148,$A13,Datos!$B$2:$B$148,$B$2) | F13: =SUMIFS(Datos!$G$2:$G$148,Datos!$A$2:$A$148,$A13,Datos!$B$2:$B$148,$B$2) | G13: =IFERROR(C13/(C13+E13),0) | H13: =IFERROR(D13/(D13+F13),0) | I13: =IFERROR((D13/C13)/((D13+F13)/(C13+E13))*100,0) | J13: =(H13-G13)*100 | K13: =SUMIFS(Datos!$H$2:$H$148,Datos!$A$2:$A$148,$A13,Datos!$B$2:$B$148,$B$2) | L13: =SUMIFS(Datos!$I$2:$I$148,Datos!$A$2:$A$148,$A13,Datos!$B$2:$B$148,$B$2) | M13: =SUMIFS(Datos!$J$2:$J$148,Datos!$A$2:$A$148,$A13,Datos!$B$2:$B$148,$B$2) | N13: =SUMIFS(Datos!$K$2:$K$148,Datos!$A$2:$A$148,$A13,Datos!$B$2:$B$148,$B$2) | O13: =IFERROR(K13/(K13+M13),0) | P13: =IFERROR(L13/(L13+N13),0) | Q13: =IFERROR((L13/K13)/((L13+N13)/(K13+M13))*100,0) | R13: =(P13-O13)*100 | S13: =SUMIFS(Datos!$L$2:$L$148,Datos!$A$2:$A$148,$A13,Datos!$B$2:$B$148,$B$2) | T13: =SUMIFS(Datos!$M$2:$M$148,Datos!$A$2:$A$148,$A13,Datos!$B$2:$B$148,$B$2) | U13: =SUMIFS(Datos!$N$2:$N$148,Datos!$A$2:$A$148,$A13,Datos!$B$2:$B$148,$B$2) | V13: =SUMIFS(Datos!$O$2:$O$148,Datos!$A$2:$A$148,$A13,Datos!$B$2:$B$148,$B$2) | W13: =IFERROR(S13/(S13+U13),0) | X13: =IFERROR(T13/(T13+V13),0) | Y13: =IFERROR((T13/S13)/((T13+V13)/(S13+U13))*100,0) | Z13: =(X13-W13)*100
A14: MACROMAX | B14: AZITHROMYCIN | C14: =SUMIFS(Datos!$D$2:$D$148,Datos!$A$2:$A$148,$A14,Datos!$B$2:$B$148,$B$2) | D14: =SUMIFS(Datos!$E$2:$E$148,Datos!$A$2:$A$148,$A14,Datos!$B$2:$B$148,$B$2) | E14: =SUMIFS(Datos!$F$2:$F$148,Datos!$A$2:$A$148,$A14,Datos!$B$2:$B$148,$B$2) | F14: =SUMIFS(Datos!$G$2:$G$148,Datos!$A$2:$A$148,$A14,Datos!$B$2:$B$148,$B$2) | G14: =IFERROR(C14/(C14+E14),0) | H14: =IFERROR(D14/(D14+F14),0) | I14: =IFERROR((D14/C14)/((D14+F14)/(C14+E14))*100,0) | J14: =(H14-G14)*100 | K14: =SUMIFS(Datos!$H$2:$H$148,Datos!$A$2:$A$148,$A14,Datos!$B$2:$B$148,$B$2) | L14: =SUMIFS(Datos!$I$2:$I$148,Datos!$A$2:$A$148,$A14,Datos!$B$2:$B$148,$B$2) | M14: =SUMIFS(Datos!$J$2:$J$148,Datos!$A$2:$A$148,$A14,Datos!$B$2:$B$148,$B$2) | N14: =SUMIFS(Datos!$K$2:$K$148,Datos!$A$2:$A$148,$A14,Datos!$B$2:$B$148,$B$2) | O14: =IFERROR(K14/(K14+M14),0) | P14: =IFERROR(L14/(L14+N14),0) | Q14: =IFERROR((L14/K14)/((L14+N14)/(K14+M14))*100,0) | R14: =(P14-O14)*100 | S14: =SUMIFS(Datos!$L$2:$L$148,Datos!$A$2:$A$148,$A14,Datos!$B$2:$B$148,$B$2) | T14: =SUMIFS(Datos!$M$2:$M$148,Datos!$A$2:$A$148,$A14,Datos!$B$2:$B$148,$B$2) | U14: =SUMIFS(Datos!$N$2:$N$148,Datos!$A$2:$A$148,$A14,Datos!$B$2:$B$148,$B$2) | V14: =SUMIFS(Datos!$O$2:$O$148,Datos!$A$2:$A$148,$A14,Datos!$B$2:$B$148,$B$2) | W14: =IFERROR(S14/(S14+U14),0) | X14: =IFERROR(T14/(T14+V14),0) | Y14: =IFERROR((T14/S14)/((T14+V14)/(S14+U14))*100,0) | Z14: =(X14-W14)*100
A15: CEFALEXINA | B15: CEFALEXIN | C15: =SUMIFS(Datos!$D$2:$D$148,Datos!$A$2:$A$148,$A15,Datos!$B$2:$B$148,$B$2) | D15: =SUMIFS(Datos!$E$2:$E$148,Datos!$A$2:$A$148,$A15,Datos!$B$2:$B$148,$B$2) | E15: =SUMIFS(Datos!$F$2:$F$148,Datos!$A$2:$A$148,$A15,Datos!$B$2:$B$148,$B$2) | F15: =SUMIFS(Datos!$G$2:$G$148,Datos!$A$2:$A$148,$A15,Datos!$B$2:$B$148,$B$2) | G15: =IFERROR(C15/(C15+E15),0) | H15: =IFERROR(D15/(D15+F15),0) | I15: =IFERROR((D15/C15)/((D15+F15)/(C15+E15))*100,0) | J15: =(H15-G15)*100 | K15: =SUMIFS(Datos!$H$2:$H$148,Datos!$A$2:$A$148,$A15,Datos!$B$2:$B$148,$B$2) | L15: =SUMIFS(Datos!$I$2:$I$148,Datos!$A$2:$A$148,$A15,Datos!$B$2:$B$148,$B$2) | M15: =SUMIFS(Datos!$J$2:$J$148,Datos!$A$2:$A$148,$A15,Datos!$B$2:$B$148,$B$2) | N15: =SUMIFS(Datos!$K$2:$K$148,Datos!$A$2:$A$148,$A15,Datos!$B$2:$B$148,$B$2) | O15: =IFERROR(K15/(K15+M15),0) | P15: =IFERROR(L15/(L15+N15),0) | Q15: =IFERROR((L15/K15)/((L15+N15)/(K15+M15))*100,0) | R15: =(P15-O15)*100 | S15: =SUMIFS(Datos!$L$2:$L$148,Datos!$A$2:$A$148,$A15,Datos!$B$2:$B$148,$B$2) | T15: =SUMIFS(Datos!$M$2:$M$148,Datos!$A$2:$A$148,$A15,Datos!$B$2:$B$148,$B$2) | U15: =SUMIFS(Datos!$N$2:$N$148,Datos!$A$2:$A$148,$A15,Datos!$B$2:$B$148,$B$2) | V15: =SUMIFS(Datos!$O$2:$O$148,Datos!$A$2:$A$148,$A15,Datos!$B$2:$B$148,$B$2) | W15: =IFERROR(S15/(S15+U15),0) | X15: =IFERROR(T15/(T15+V15),0) | Y15: =IFERROR((T15/S15)/((T15+V15)/(S15+U15))*100,0) | Z15: =(X15-W15)*100
A16: CALCIO BASE | B16: CALCIUM | CALCIUM_COLECALCIFEROL | CALCIUM_ERGOCALCIFEROL | C16: =SUMIFS(Datos!$D$2:$D$148,Datos!$A$2:$A$148,$A16,Datos!$B$2:$B$148,$B$2) | D16: =SUMIFS(Datos!$E$2:$E$148,Datos!$A$2:$A$148,$A16,Datos!$B$2:$B$148,$B$2) | E16: =SUMIFS(Datos!$F$2:$F$148,Datos!$A$2:$A$148,$A16,Datos!$B$2:$B$148,$B$2) | F16: =SUMIFS(Datos!$G$2:$G$148,Datos!$A$2:$A$148,$A16,Datos!$B$2:$B$148,$B$2) | G16: =IFERROR(C16/(C16+E16),0) | H16: =IFERROR(D16/(D16+F16),0) | I16: =IFERROR((D16/C16)/((D16+F16)/(C16+E16))*100,0) | J16: =(H16-G16)*100 | K16: =SUMIFS(Datos!$H$2:$H$148,Datos!$A$2:$A$148,$A16,Datos!$B$2:$B$148,$B$2) | L16: =SUMIFS(Datos!$I$2:$I$148,Datos!$A$2:$A$148,$A16,Datos!$B$2:$B$148,$B$2) | M16: =SUMIFS(Datos!$J$2:$J$148,Datos!$A$2:$A$148,$A16,Datos!$B$2:$B$148,$B$2) | N16: =SUMIFS(Datos!$K$2:$K$148,Datos!$A$2:$A$148,$A16,Datos!$B$2:$B$148,$B$2) | O16: =IFERROR(K16/(K16+M16),0) | P16: =IFERROR(L16/(L16+N16),0) | Q16: =IFERROR((L16/K16)/((L16+N16)/(K16+M16))*100,0) | R16: =(P16-O16)*100 | S16: =SUMIFS(Datos!$L$2:$L$148,Datos!$A$2:$A$148,$A16,Datos!$B$2:$B$148,$B$2) | T16: =SUMIFS(Datos!$M$2:$M$148,Datos!$A$2:$A$148,$A16,Datos!$B$2:$B$148,$B$2) | U16: =SUMIFS(Datos!$N$2:$N$148,Datos!$A$2:$A$148,$A16,Datos!$B$2:$B$148,$B$2) | V16: =SUMIFS(Datos!$O$2:$O$148,Datos!$A$2:$A$148,$A16,Datos!$B$2:$B$148,$B$2) | W16: =IFERROR(S16/(S16+U16),0) | X16: =IFERROR(T16/(T16+V16),0) | Y16: =IFERROR((T16/S16)/((T16+V16)/(S16+U16))*100,0) | Z16: =(X16-W16)*100
... A53: GYNODERM | B53: ALOE BARBADENSIS_COLLAGEN_HYALURONIC ACID | DL-LACTIC ACID | DL-LACTIC ACID_HYALURONIC ACID | C53: =SUMIFS(Datos!$D$2:$D$148,Datos!$A$2:$A$148,$A53,Datos!$B$2:$B$148,$B$2) | D53: =SUMIFS(Datos!$E$2:$E$148,Datos!$A$2:$A$148,$A53,Datos!$B$2:$B$148,$B$2) | E53: =SUMIFS(Datos!$F$2:$F$148,Datos!$A$2:$A$148,$A53,Datos!$B$2:$B$148,$B$2) | F53: =SUMIFS(Datos!$G$2:$G$148,Datos!$A$2:$A$148,$A53,Datos!$B$2:$B$148,$B$2) | G53: =IFERROR(C53/(C53+E53),0) | H53: =IFERROR(D53/(D53+F53),0) | I53: =IFERROR((D53/C53)/((D53+F53)/(C53+E53))*100,0) | J53: =(H53-G53)*100 | K53: =SUMIFS(Datos!$H$2:$H$148,Datos!$A$2:$A$148,$A53,Datos!$B$2:$B$148,$B$2) | L53: =SUMIFS(Datos!$I$2:$I$148,Datos!$A$2:$A$148,$A53,Datos!$B$2:$B$148,$B$2) | M53: =SUMIFS(Datos!$J$2:$J$148,Datos!$A$2:$A$148,$A53,Datos!$B$2:$B$148,$B$2) | N53: =SUMIFS(Datos!$K$2:$K$148,Datos!$A$2:$A$148,$A53,Datos!$B$2:$B$148,$B$2) | O53: =IFERROR(K53/(K53+M53),0) | P53: =IFERROR(L53/(L53+N53),0) | Q53: =IFERROR((L53/K53)/((L53+N53)/(K53+M53))*100,0) | R53: =(P53-O53)*100 | S53: =SUMIFS(Datos!$L$2:$L$148,Datos!$A$2:$A$148,$A53,Datos!$B$2:$B$148,$B$2) | T53: =SUMIFS(Datos!$M$2:$M$148,Datos!$A$2:$A$148,$A53,Datos!$B$2:$B$148,$B$2) | U53: =SUMIFS(Datos!$N$2:$N$148,Datos!$A$2:$A$148,$A53,Datos!$B$2:$B$148,$B$2) | V53: =SUMIFS(Datos!$O$2:$O$148,Datos!$A$2:$A$148,$A53,Datos!$B$2:$B$148,$B$2) | W53: =IFERROR(S53/(S53+U53),0) | X53: =IFERROR(T53/(T53+V53),0) | Y53: =IFERROR((T53/S53)/((T53+V53)/(S53+U53))*100,0) | Z53: =(X53-W53)*100
A55: TOTAL CARTERA | C55: =SUM(C5:C53) | D55: =SUM(D5:D53) | E55: =SUM(E5:E53) | F55: =SUM(F5:F53) | G55: =IFERROR(C55/(C55+E55),0) | H55: =IFERROR(D55/(D55+F55),0) | I55: =IFERROR((D55/C55)/((D55+F55)/(C55+E55))*100,0) | J55: =(H55-G55)*100 | K55: =SUM(K5:K53) | L55: =SUM(L5:L53) | M55: =SUM(M5:M53) | N55: =SUM(N5:N53) | O55: =IFERROR(K55/(K55+M55),0) | P55: =IFERROR(L55/(L55+N55),0) | Q55: =IFERROR((L55/K55)/((L55+N55)/(K55+M55))*100,0) | R55: =(P55-O55)*100 | S55: =SUM(S5:S53) | T55: =SUM(T5:T53) | U55: =SUM(U5:U53) | V55: =SUM(V5:V53) | W55: =IFERROR(S55/(S55+U55),0) | X55: =IFERROR(T55/(T55+V55),0) | Y55: =IFERROR((T55/S55)/((T55+V55)/(S55+U55))*100,0) | Z55: =(X55-W55)*100

Sheet Datos
A1: Marca | B1: Segmento | C1: Moleculas | D1: BMA | E1: BMC | F1: MMA | G1: MMC | H1: BYA | I1: BYC | J1: MYA | K1: MYC | L1: BPA | M1: BPC | N1: MPA | O1: MPC
A2: ACEMUK | B2: TOTAL | C2: ACETYLCYSTEINE | ACETYLCYSTEINE_AMOXICILLIN | ACETYLCYSTEINE_CHLORPHENAMINE_PARACETAMOL_PSEUDOEPHEDRINE | ACETYLCYSTEINE_LIDOCAINE_TYROTHRICIN | ACETYLCYSTEINE_PARACETAMOL | D2: 4213626 | E2: 3917115 | F2: 695033 | G2: 658902 | H2: 987563 | I2: 771512 | J2: 185584 | K2: 156803 | L2: 405502 | M2: 307310 | N2: 74006 | O2: 49312
A3: ACEMUK | B3: ETICO | C3: ACETYLCYSTEINE | ACETYLCYSTEINE_AMOXICILLIN | ACETYLCYSTEINE_CHLORPHENAMINE_PARACETAMOL_PSEUDOEPHEDRINE | ACETYLCYSTEINE_LIDOCAINE_TYROTHRICIN | ACETYLCYSTEINE_PARACETAMOL | D3: 3978109 | E3: 3790975 | F3: 639645 | G3: 621089 | H3: 950073 | I3: 744778 | J3: 165648 | K3: 143859 | L3: 391175 | M3: 296868 | N3: 68988 | O3: 45512
A4: ACEMUK | B4: POPULAR | C4: ACETYLCYSTEINE | ACETYLCYSTEINE_AMOXICILLIN | ACETYLCYSTEINE_CHLORPHENAMINE_PARACETAMOL_PSEUDOEPHEDRINE | ACETYLCYSTEINE_LIDOCAINE_TYROTHRICIN | ACETYLCYSTEINE_PARACETAMOL | D4: 235517 | E4: 126140 | F4: 55388 | G4: 37813 | H4: 37490 | I4: 26734 | J4: 19936 | K4: 12944 | L4: 14327 | M4: 10442 | N4: 5018 | O4: 3800
A5: AIREAL | B5: TOTAL | C5: LEVOCETIRIZINE_MONTELUKAST | MONTELUKAST | D5: 177683 | E5: 233496 | F5: 1309572 | G5: 1239591 | H5: 50640 | I5: 69995 | J5: 356272 | K5: 329045 | L5: 17276 | M5: 23346 | N5: 115951 | O5: 101318
A6: AIREAL | B6: ETICO | C6: LEVOCETIRIZINE_MONTELUKAST | MONTELUKAST | D6: 177683 | E6: 233496 | F6: 1309572 | G6: 1239591 | H6: 50640 | I6: 69995 | J6: 356272 | K6: 329045 | L6: 17276 | M6: 23346 | N6: 115951 | O6: 101318
A7: AIREAL | B7: POPULAR | C7: LEVOCETIRIZINE_MONTELUKAST | MONTELUKAST | D7: 0 | E7: 0 | F7: 0 | G7: 0 | H7: 0 | I7: 0 | J7: 0 | K7: 0 | L7: 0 | M7: 0 | N7: 0 | O7: 0
A8: HEXALER CORT | B8: TOTAL | C8: BETAMETHASONE_DESLORATADINE | D8: 818422 | E8: 754220 | F8: 2605615 | G8: 2595152 | H8: 203410 | I8: 176452 | J8: 682853 | K8: 635310 | L8: 79083 | M8: 66707 | N8: 252793 | O8: 199451
A9: HEXALER CORT | B9: ETICO | C9: BETAMETHASONE_DESLORATADINE | D9: 818422 | E9: 754220 | F9: 2605615 | G9: 2595152 | H9: 203410 | I9: 176452 | J9: 682853 | K9: 635310 | L9: 79083 | M9: 66707 | N9: 252793 | O9: 199451
A10: HEXALER CORT | B10: POPULAR | C10: BETAMETHASONE_DESLORATADINE | D10: 0 | E10: 0 | F10: 0 | G10: 0 | H10: 0 | I10: 0 | J10: 0 | K10: 0 | L10: 0 | M10: 0 | N10: 0 | O10: 0
A11: ALIDIAL | B11: TOTAL | C11: CETIRIZINE | D11: 155755 | E11: 202131 | F11: 2636870 | G11: 2504881 | H11: 49156 | I11: 61684 | J11: 865641 | K11: 817544 | L11: 14465 | M11: 17911 | N11: 314348 | O11: 280385
A12: ALIDIAL | B12: ETICO | C12: CETIRIZINE | D12: 155755 | E12: 202131 | F12: 912881 | G12: 867291 | H12: 49156 | I12: 61684 | J12: 265110 | K12: 258828 | L12: 14465 | M12: 17911 | N12: 73526 | O12: 71674
A13: ALIDIAL | B13: POPULAR | C13: CETIRIZINE | D13: 0 | E13: 0 | F13: 1723989 | G13: 1637590 | H13: 0 | I13: 0 | J13: 600531 | K13: 558716 | L13: 0 | M13: 0 | N13: 240822 | O13: 208711
... A148: GYNODERM | B148: POPULAR | C148: ALOE BARBADENSIS_COLLAGEN_HYALURONIC ACID | DL-LACTIC ACID | DL-LACTIC ACID_HYALURONIC ACID | D148: 8984 | E148: 5950 | F148: 95961 | G148: 1818 | H148: 651 | I148: 1862 | J148: 29774 | K148: 298 | L148: 283 | M148: 462 | N148: 2656 | O148: 141

Sheet Notas
A1: Definiciones
A3: Segmento (B2) | B3: TOTAL = Ético + Popular | ETICO | POPULAR
A4: MAT | B4: Apr 2026 vs Apr 2025 (MAT mensual)
A5: YTD | B5: Ene-Abr 2026 vs Ene-Abr 2025
A6: MES | B6: Abr 2026 vs Abr 2025 (mes actual vs mismo mes año anterior)
A7: Mercado | B7: Productos con la misma molécula de la marca, de manufacturers ≠ SIEGFRIED, filtrados por segmento
A8: MS% | B8: Unidades de la marca / (marca + mercado)
A9: IE | B9: ((Marca Act / Marca Ant) / (Mercado total Act / Mercado total Ant)) × 100. >100 gana share; <100 pierde share
A10: Var pp | B10: MS% Act − MS% Ant
